title,imdb_id,existing_budget,scraped_budget,scraped_boxoffice,release_year,budget_difference
Beastmaster 2: Through the Portal of Time,tt0101412,,6000000.0,869325.0,,
Nell,tt0110638,,24500000.0,106683817.0,,
The Dark Half,tt0106664,,15000000.0,10611160.0,,
The House of Mirth,tt0200720,,10000000.0,5164404.0,,
Shaft,tt0162650,,46000000.0,107626125.0,,
Chaplin,tt0103939,,31000000.0,9493259.0,,
Dylan Dog: Dead of Night,tt1013860,,20000000.0,5782515.0,,
Gymkata,tt0089243,,,5730596.0,,
Straw Dogs,tt0067800,,3251794.0,,,
Next,tt29439114,,,8500000.0,,
Laura,tt0079449,,,,,
Chitty Chitty Bang Bang,tt0062803,,10000000.0,7500564.0,,
A Single Man,tt1315981,,7000000.0,24964890.0,,
The Last Tycoon,tt3390892,,,,,
Dr. Strangelove or: How I Learned to Stop Worrying and Love the Bomb,tt0057012,,1800000.0,9631984.0,,
Inkheart,tt0494238,,60000000.0,62803180.0,,
Hansel and Gretel: Witch Hunters,tt1428538,,50000000.0,226349749.0,,
For Love of the Game,tt0126916,,80000000.0,46112640.0,,
Bee Season,tt0387059,,14000000.0,6856989.0,,
Lolita,tt0119558,,62000000.0,1071255.0,,
A Tree Grows In Brooklyn,tt0038190,,,,,
L.A. Confidential,tt0119488,,35000000.0,126216940.0,,
Whip It!,tt1172233,,15000000.0,16691303.0,,
The Other Boleyn Girl,tt0467200,,35000000.0,78201830.0,,
Queen of the Damned,tt0238546,,35000000.0,45479110.0,,
The Forbidden Kingdom,tt0865556,,55000000.0,128792411.0,,
The Quiet Man,tt0045061,,1750000.0,,,
"Suddenly, Last Summer",tt0053318,,3000000.0,9830.0,,
Twilight's Last Gleaming,tt0076845,,6200000.0,,,
The Bone Collector,tt0145681,,73000000.0,151493655.0,,
The House of Yes,tt0119324,,1500000.0,626057.0,,
The Birth of a Nation,tt0004972,,110000.0,,,
The Bear,tt14452776,,,,,
Death Wish,tt0071402,,3000000.0,22000000.0,,
Stormbreaker,tt0457495,,40000000.0,23937870.0,,
Unknown,tt11563598,,,,,
No Country for Old Men,tt0477348,,25000000.0,171632777.0,,
Battlefield Earth,tt0185183,,73000000.0,29725663.0,,
Body of Lies,tt0758774,,70000000.0,115900897.0,,
Little Children,tt0404203,,26000000.0,14821658.0,,
Munich,tt0408306,,70000000.0,130982407.0,,
War and Peace,tt3910804,,,,,
A Little Princess,tt0113670,,17000000.0,10015449.0,,
It's a Wonderful Life,tt0038650,,3180000.0,9767242.0,,
We Bought a Zoo,tt1389137,,50000000.0,120081841.0,,
The Secret Life of Bees,tt0416212,,11000000.0,39952437.0,,
Gulliver's Travels,tt1320261,,112000000.0,237382724.0,,
Appointment With Death,tt0094669,,6000000.0,960040.0,,
Awakenings,tt0099077,,31000000.0,52096475.0,,
Midnight Express,tt0077928,,2300000.0,35000000.0,,
The Girl with the Dragon Tattoo,tt1568346,,90000000.0,232617430.0,,
The Hustler,tt0054997,,2125000.0,8072.0,,
The Damned United,tt1226271,,10000000.0,4091378.0,,
Catch-22,tt0065528,,18000000.0,,,
The General's Daughter,tt0144214,,95000000.0,149705852.0,,
The Iron Giant,tt0129167,,70000000.0,23338190.0,,
Stir of Echoes,tt0164181,,12000000.0,21142914.0,,
Ghost Story,tt6265828,,100000.0,1951683.0,,
Wonder Boys,tt0185014,,55000000.0,33426588.0,,
MASH,tt0066026,,3500000.0,81600000.0,,
The Last King of Scotland,tt0455590,,6000000.0,48618191.0,,
Willy Wonka & the Chocolate Factory,tt0067992,,3000000.0,670213.0,,
Helen of Troy,tt0340477,,,,,
War Horse,tt1568911,,66000000.0,177584879.0,,
Troy,tt0332452,,175000000.0,497409852.0,,
Impostor,tt0160399,,30000000.0,8694320.0,,
The Sisterhood of the Traveling Pants,tt0403508,,25000000.0,42013878.0,,
Der Untergang,tt0363163,,13500000.0,92181574.0,,
The Wizard of Oz,tt0032138,,2777000.0,25637669.0,,
The Town,tt0840361,,37000000.0,154026136.0,,
Airport 1975,tt0071110,,3000000.0,,,
Safe Haven,tt1702439,,28000000.0,97594140.0,,
We Were Soldiers,tt0277434,,75000000.0,115374915.0,,
The Ruins,tt0963794,,8000000.0,22818256.0,,
On the Beach,tt0053137,,2900000.0,,,
Where the Wild Things Are,tt0386117,,100000000.0,100140916.0,,
Abbott and Costello Meet the Invisible Man,tt0043255,,627000.0,,,
The Time Traveler's Wife,tt0452694,,39000000.0,101344412.0,,
Valmont,tt0098575,,33000000.0,1132112.0,,
Ulysses,tt0047630,,500000.0,,,
Vanity Fair,tt7076630,,,,,
The Bad Seed,tt0048977,,1000000.0,,,
Ender's Game,tt1731141,,110000000.0,125544024.0,,
Harry Potter and the Half-Blood Prince,tt0417741,,250000000.0,941055851.0,,
Jackie Brown,tt0119396,,12000000.0,39693845.0,,
Striptease,tt0117765,,40000000.0,113309743.0,,
The Mask,tt0110475,,23000000.0,351583407.0,,
Casino Royale,tt0381061,,150000000.0,616577552.0,,
Scarface,tt0086250,,50000000.0,66443303.0,,
Dreamcatcher,tt0285531,,68000000.0,81240406.0,,
The Snows of Kilimanjaro,tt0045162,,,16620.0,,
Proof,tt1028528,,,31126421.0,,
Anna and the King,tt0166485,,92000000.0,113996937.0,,
Mortadelo & Filemon: The Big Adventure,tt0314121,,7500000.0,24035064.0,,
Asterix & Obelix : God save Britannia,tt1597522,,61000000.0,61319383.0,,
Meet Joe Black,tt0119643,,90000000.0,142940100.0,,
Airport,tt0065377,,10000000.0,100489151.0,,
The Lost City of Z,tt1212428,,30000000.0,19263938.0,,
The Lord of the Rings: The Two Towers,tt0167261,,94000000.0,938242927.0,,
The Missing,tt0338188,,60000000.0,38364277.0,,
Sin City 2,tt0458481,,65000000.0,39407616.0,,
Kramer vs. Kramer,tt0079417,,8000000.0,106260000.0,,
Gigi,tt0051658,,3319355.0,,,
Drive,tt0780504,,15000000.0,79747261.0,,
Clockers,tt0112688,,25000000.0,13071518.0,,
Memoirs of an Invisible Man,tt0104850,,40000000.0,14358033.0,,
Force 10 from Navarone,tt0077572,,5000000.0,7230000.0,,
The Bourne Supremacy,tt0372183,,75000000.0,292542992.0,,
One Day,tt16283804,,,,,
Freaky Friday,tt0322330,,20000000.0,160849833.0,,
Ring 2,tt0377109,,50000000.0,163995949.0,,
The Poseidon Adventure,tt0069113,,5000000.0,84563118.0,,
Pinocchio,tt4593060,,150000000.0,33731.0,,
Mermaids,tt0100140,,20000000.0,35419397.0,,
K-PAX,tt0272152,,68000000.0,65001485.0,,
The Chant of Jimmie Blacksmith,tt0077318,,1280000.0,,,
Bitter Moon,tt0104779,,5000000.0,1862805.0,,
A Rage in Harlem,tt0102749,,8000000.0,10438504.0,,
The Twilight Saga: Breaking Dawn - Part 1,tt1324999,,110000000.0,712205856.0,,
200 Pounds Beauty,tt0940642,,,42013016.0,,
Who's Afraid of Virginia Woolf?,tt0061184,,7500000.0,28006929.0,,
In the Bedroom,tt0247425,,1700000.0,44763181.0,,
The Right Stuff,tt0086197,,27000000.0,21192315.0,,
Alice in Wonderland,tt1014759,,200000000.0,1025468216.0,,
The Name of the Rose,tt0091605,,30000000000.0,7153487.0,,
The American,tt2149175,,,,,
Harry Potter and the Goblet of Fire,tt0330373,,150000000.0,897468952.0,,
Yes Man,tt1068680,,70000000.0,223241637.0,,
The Perks of Being a Wallflower,tt1659337,,13000000.0,33384127.0,,
Anna Karenina,tt1781769,,40600000.0,68929150.0,,
Cohen and Tate,tt0097074,,,64227.0,,
Payback,tt0120784,,90000000.0,161626121.0,,
The Baader Meinhof Complex,tt0765432,,20000000.0,26937355.0,,
Breakfast at Tiffany's,tt0054698,,2500000.0,594615.0,,
Taking Lives,tt0364045,,45000000.0,65470529.0,,
Rumble Fish,tt0086216,,10000000.0,2494480.0,,
Thirteen Days,tt0146309,,80000000.0,66579890.0,,
The Number 23,tt0481369,,30000000.0,77677553.0,,
I Am Legend,tt0480249,,150000000.0,585410052.0,,
American Psycho,tt0144084,,7000000.0,34266679.0,,
The Horseman on the Roof,tt0926289,,,,,
Albert Nobbs,tt1602098,,8000000.0,7532259.0,,
The Godfather Part II,tt0071562,,13000000.0,47964222.0,,
The Bible: In The Beginning,tt0060164,,18000000.0,,,
Zathura,tt0406375,,65000000.0,65079236.0,,
Total Recall,tt0100802,,65000000.0,261317921.0,,
Raise The Titanic,tt0081400,,36000000.0,,,
Message in a Bottle,tt0139462,,80000000.0,118880016.0,,
Graveyard Shift,tt0099697,,10500000.0,11582891.0,,
The Innocents,tt4028464,,,321757.0,,
Journey to the Center of the Earth,tt0373051,,60000000.0,244232688.0,,
Eat Pray Love,tt0879870,,60000000.0,204596571.0,,
The History Boys,tt0464049,,2000000.0,13407101.0,,
The Pianist,tt0253474,,35000000.0,120098945.0,,
Ever After,tt0120631,,26000000.0,98005666.0,,
Glory,tt0097441,,18000000.0,26979166.0,,
Dead Calm,tt0097162,,10400000.0,7825135.0,,
Body Snatchers,tt0077745,,3500000.0,24949050.0,,
Cheaper by the Dozen,tt0349205,,40000000.0,190538630.0,,
Tell No One,tt0362225,,11700000.0,33428799.0,,
Someday This Pain Will Be Useful to You,tt1703125,,8000000.0,666922.0,,
Whatever It Takes,tt0202402,,32000000.0,9902115.0,,
Dune,tt10466872,,,,,
Moonraker,tt0079574,,34000000.0,210308099.0,,
Dances with Wolves,tt0099348,,22000000.0,424208848.0,,
Bullet to the Head,tt1308729,,45000000.0,21947209.0,,
Holes,tt0311289,,20000000.0,71406573.0,,
Shadows and Fog,tt0105378,,14000000.0,2735731.0,,
The Chronicles of Narnia: The Voyage of the Dawn Treader,tt0980970,,155000000.0,415686217.0,,
Emma,tt9214832,,10000000.0,25932444.0,,
Arsenic and Old Lace,tt0036613,,1164000.0,,,
The Man Who Shot Liberty Valance,tt0056217,,3200000.0,,,
Barry Lyndon,tt0072684,,11000000.0,279084.0,,
Christmas with the Kranks,tt0388419,,60000000.0,96593018.0,,
Manhunter,tt0091474,,15000000.0,8624009.0,,
Death and the Maiden,tt0109579,,12000000.0,3103716.0,,
Freedomland,tt0349467,,37665000.0,14655628.0,,
World War Z,tt0816711,,190000000.0,540455876.0,,
The Thirteenth Floor,tt0139809,,16000000.0,18564088.0,,
War of the Worlds,tt9686194,,,,,
Pirates of the Caribbean: On Stranger Tides,tt1298650,,250000000.0,1046721266.0,,
A Bronx Tale,tt0106489,,22000000.0,17287898.0,,
Breakfast of Champions,tt0120618,,12000000.0,178278.0,,
"Come Back to the Five and Dime, Jimmy Dean, Jimmy Dean",tt0083745,,850000.0,840958.0,,
Snow Flower and the Secret Fan,tt1541995,,6000000.0,11348205.0,,
Tales from the Darkside: The Movie,tt0100740,,3500000.0,16324573.0,,
The Relic,tt0120004,,40000000.0,33956608.0,,
Choke,tt1024715,,3000000.0,3982459.0,,
High Society,tt0049314,,2700000.0,13358.0,,
The NeverEnding Story II: The Next Chapter,tt0100240,,36000000.0,17373527.0,,
Hunting and Gathering,tt0792965,,,31927276.0,,
Rebecca,tt0032976,,1288000.0,113328.0,,
127 Hours,tt1542344,,18000000.0,60738797.0,,
The Adventures of Huck Finn,tt0106223,,6500000.0,24103594.0,,
Creepshow,tt8762206,,,,,
Five Star Final,tt0021873,,310000.0,,,
Enemy Mine,tt0089092,,40000000.0,12303411.0,,
Peaceful Warrior,tt0438315,,10000000.0,4326927.0,,
Requiem for a Dream,tt0180093,,4500000.0,7390108.0,,
The Ides of March,tt1124035,,12500000.0,76338111.0,,
The Great Escape,tt0057115,,4000000.0,230637.0,,
Quartet,tt1441951,,11000000.0,59520298.0,,
Mystery Men,tt0132347,,68000000.0,33461746.0,,
How to Lose Friends & Alienate People,tt0455538,,28000000.0,19152009.0,,
Possession,tt0082933,,,1164496.0,,
The Reader,tt0976051,,32000000.0,108902486.0,,
The Silence of the Lambs,tt0102926,,19000000.0,272742922.0,,
The Goalkeeper's Fear of the Penalty,tt0066773,,620000.0,,,
Shooter,tt0822854,,61000000.0,95696996.0,,
Planet of the Apes,tt11389872,,160000000.0,397378150.0,,
The Seventh Son,tt1121096,,95000000.0,114178613.0,,
The Joy Luck Club,tt0107282,,11000000.0,32901136.0,,
Frida,tt0120679,,12000000.0,56298474.0,,
The Bourne Identity,tt0258463,,60000000.0,214034224.0,,
Harry Potter and the Order of the Phoenix,tt0373889,,150000000.0,942862581.0,,
Moby Dick,tt0049513,,4500000.0,353.0,,
Clear and Present Danger,tt0109444,,62000000.0,215887717.0,,
The Tailor of Panama,tt0236784,,21000000.0,28008462.0,,
Lolita,tt0119558,,62000000.0,1071255.0,,
Mrs. Doubtfire,tt0107614,,25000000.0,441286195.0,,
Legally Blonde,tt0250494,,18000000.0,141778365.0,,
The Boy in the Striped Pyjamas,tt0914798,,12500000.0,40416563.0,,
Magic,tt1915581,,7000000.0,167282900.0,,
Children of Men,tt0206634,,76000000.0,70596471.0,,
The Andromeda Strain,tt0066769,,6500000.0,445.0,,
The Hunger,tt1392170,,78000000.0,695220619.0,,
Malcolm X,tt0104797,,33000000.0,48169910.0,,
The Seven Year Itch,tt0048605,,1800000.0,20487.0,,
Stardust,tt0486655,,70000000.0,137515140.0,,
Life of Pi,tt0454876,,120000000.0,609016565.0,,
Conquest of the Planet of the Apes,tt0068408,,1700000.0,9043472.0,,
The Year of Living Dangerously,tt0086617,,13000000.0,10278575.0,,
He's Just Not That Into You,tt1001508,,40000000.0,178866158.0,,
Dorothy of Oz,tt2342071,,5000000.0,,,
Glengarry Glen Ross,tt0104348,,12500000.0,10726612.0,,
Doctor Dolittle,tt0118998,,71500000.0,294456605.0,,
Restoration,tt0114272,,19000000.0,4005941.0,,
Love and Other Impossible Pursuits,tt1032825,,,1451343.0,,
The Rage: Carrie 2,tt0144814,,21000000.0,17762705.0,,
Midnight in Paris,tt1605783,,17000000.0,151672318.0,,
Primal Fear,tt0117381,,30000000.0,102616183.0,,
Paper Moon,tt0070510,,2500000.0,591.0,,
Barney's Version,tt1423894,,30000000.0,12106921.0,,
The Running Man,tt0093894,,27000000.0,38123906.0,,
Carlito's Way,tt0106519,,30000000.0,63848322.0,,
You've Got Mail,tt0128853,,65000000.0,250821575.0,,
Simon Birch,tt0124879,,30000000.0,18253415.0,,
Effi Briest,tt0071458,,750000.0,8148.0,,
Cheaper by the Dozen 2,tt0452598,,60000000.0,130154568.0,,
9½ Weeks,tt0091635,,17000000.0,6740470.0,,
Into the Wild,tt0758758,,15000000.0,56676733.0,,
The Beastmaster,tt0083630,,8000000.0,14056528.0,,
The Ghost Writer,tt1139328,,45000000.0,60331447.0,,
Valley of the Dolls,tt0062430,,4690000.0,,,
Shalako,tt0063592,,1455000.0,,,
Psycho,tt0054215,,806947.0,32066765.0,,
Doctor Zhivago,tt0059113,,11000000.0,111926200.0,,
Lifeforce,tt0089489,,25000000.0,11605118.0,,
Curse of the Golden Flower,tt0997493,,80000.0,,,
Anywhere But Here,tt0149691,,23000000.0,23631929.0,,
What to Expect When You're Expecting,tt1586265,,40000000.0,84384002.0,,
Pet Sematary,tt0098084,,11500000.0,57470138.0,,
We Need to Talk about Kevin,tt1242460,,7000000.0,9212174.0,,
The Miracle Worker,tt0056241,,500000.0,4139.0,,
The Bounty,tt0086993,,25000000.0,8613462.0,,
The Descendants,tt1033575,,20000000.0,177243185.0,,
Tomorrow Never Dies,tt0120347,,110000000.0,333011068.0,,
Julie & Julia,tt1135503,,40000000.0,129540522.0,,
Hearts in Atlantis,tt0252501,,31000000.0,30919415.0,,
Mutiny on the Bounty,tt0056264,,19000000.0,,,
Gone Baby Gone,tt0452623,,19000000.0,34612443.0,,
Charlie St. Cloud,tt1438254,,44000000.0,48190704.0,,
Mercury Rising,tt0120749,,60000000.0,93107289.0,,
I Dreamed of Africa,tt0167203,,50000000.0,14400327.0,,
Marathon Man,tt0074860,,6500000.0,21709020.0,,
Diary of a Wimpy Kid: Rodrick Rules,tt1650043,,21000000.0,72526996.0,,
Contempt,tt0057345,,900000.0,1174678.0,,
Men in Black 3,tt27550773,,,,,
Babylon A.D.,tt0364970,,70000000.0,72109200.0,,
The Wind in the Willows,tt0118172,,,,,
Vampires,tt0120877,,20000000.0,20308772.0,,
Escape from Alcatraz,tt0079116,,8000000.0,43005351.0,,
Billy Bathgate,tt0101453,,48000000.0,15565363.0,,
Soylent Green,tt0070723,,4000000.0,210.0,,
The Invasion,tt0427392,,80000000.0,40170558.0,,
Greed,tt0015881,,546883.0,,,
About a Boy,tt0276751,,30000000.0,130549455.0,,
Congo,tt0112715,,50000000.0,152022101.0,,
Slumdog Millionaire,tt1010048,,15000000.0,378411362.0,,
Little Women,tt3281548,,40000000.0,218843645.0,,
What Maisie Knew,tt1932767,,6000000.0,2711379.0,,
Practical Magic,tt0120791,,75000000.0,46733898.0,,
102 Dalmatians,tt0211181,,85000000.0,183611771.0,,
A Streetcar Named Desire,tt0044081,,1800000.0,53162.0,,
Pay It Forward,tt0223897,,40000000.0,55707411.0,,
The Blue Lagoon,tt0080453,,4500000.0,58853106.0,,
Les Misérables,tt1707386,,61000000.0,442757529.0,,
Double Indemnity,tt0036775,,927262.0,19543.0,,
The Girl with the Dragon Tattoo,tt1568346,,90000000.0,232617430.0,,
The Black Stallion,tt0078872,,2700000.0,37799643.0,,
The Crimson Rivers,tt0228786,,14000000.0,60103680.0,,
Judge Dredd,tt0113492,,90000000.0,113493481.0,,
Cat's Eye,tt0088889,,7000000.0,13086757.0,,
The Wanderers,tt0080117,,,14492.0,,
Night at the Museum,tt0477347,,110000000.0,574482479.0,,
Around the World in 80 Days,tt0327437,,110000000.0,72660444.0,,
Oliver Twist,tt0380599,,60000000.0,42580321.0,,
Derailed,tt0398017,,22000000.0,57479076.0,,
The Thin Red Line,tt0120863,,52000000.0,98126565.0,,
Sideways,tt0375063,,16000000.0,109706931.0,,
Quantum of Solace,tt0830515,,200000000.0,589593688.0,,
The Rum Diary,tt0376136,,45000000.0,30134958.0,,
2001: A Space Odyssey,tt0062622,,12000000.0,66778448.0,,
Ben-Hur,tt0052618,,15000000.0,74439376.0,,
The Da Vinci Code,tt0382625,,125000000.0,760006945.0,,
Shanghai Surprise,tt0091934,,17000000.0,2315683.0,,
The Exorcist,tt0070047,,11000000.0,430872776.0,,
21,tt0478087,,35000000.0,159808370.0,,
Sacrifice,tt0091670,,,258837.0,,
Wolfen,tt0083336,,17000000.0,10626725.0,,
The Serpent and the Rainbow,tt0096071,,7000000.0,19595031.0,,
The Sicilian,tt0093966,,9000000.0,5406879.0,,
Aquamarine,tt0429591,,12000000.0,22989957.0,,
First Blood,tt0083944,,15000000.0,125212904.0,,
Straw Dogs,tt0067800,,3251794.0,,,
Stand by Me,tt0092005,,8000000.0,53522503.0,,
Across to Singapore,tt0018618,,290000.0,,,
The First Great Train Robbery,tt0079240,,6000000.0,13027857.0,,
"20,000 Leagues Under the Sea",tt0046672,,9000000.0,746.0,,
Confessions of a Teenage Drama Queen,tt0361467,,15000000.0,33251890.0,,
Love in the Time of Cholera,tt0484740,,45000000.0,31575877.0,,
The Bonfire of the Vanities,tt0099165,,47000000.0,15691192.0,,
Dark Water,tt0382628,,30000000.0,68357079.0,,
Great Expectations,tt0119223,,25000000.0,55494066.0,,
Water for Elephants,tt1067583,,38000000.0,117094902.0,,
The African Queen,tt0043265,,1000000.0,46305.0,,
Eyes Wide Shut,tt0120663,,65000000.0,162284835.0,,
Schindler's List,tt0108052,,22000000.0,322161245.0,,
Sabrina,tt33427273,,,,,
Dracula 2000,tt0219653,,54000000.0,47053625.0,,
I Am Number Four,tt1464540,,60000000.0,149878437.0,,
2010: The Year We Make Contact,tt8134014,,,,,
Sherlock Holmes: A Game of Shadows,tt1515091,,125000000.0,543848418.0,,
Get Carter,tt0067128,,750000.0,60404.0,,
The Age of Innocence,tt0106226,,34000000.0,32255953.0,,
Seabiscuit,tt0329575,,87000000.0,148336445.0,,
In the Heat of the Night,tt0094484,,,,,
Die Hard,tt0095016,,28000000.0,143651650.0,,
Mutiny on the Bounty,tt0056264,,19000000.0,,,
Whale Rider,tt0298228,,3500000.0,41062976.0,,
Stuart Little,tt0164912,,133000000.0,300135367.0,,
Marnie,tt0058329,,3000000.0,8211.0,,
The Time Machine,tt0268695,,80000000.0,123729176.0,,
Black Hawk Down,tt0265086,,92000000.0,172989651.0,,
Spartacus,tt1442449,,,,,
The Ninth Gate,tt0142688,,38000000.0,58401898.0,,
Damnation Alley,tt0075909,,7200000.0,,,
Casino,tt0112641,,52000000.0,116112375.0,,
The Best Exotic Marigold Hotel,tt1412386,,10000000.0,150501815.0,,
The Curse of Frankenstein,tt0050280,,65000.0,,,
The Shawshank Redemption,tt0111161,,25000000.0,29332133.0,,
Yojimbo,tt0055630,,,66621.0,,
Intersection,tt0110146,,45000000.0,21355893.0,,
Scaramouche,tt0045125,,3500000.0,,,
The Ring Two,tt0377109,,50000000.0,163995949.0,,
A Mighty Heart,tt0829459,,16000000.0,19008745.0,,
The Informer,tt1833116,,60000000.0,2927708.0,,
Runaway Jury,tt0313542,,60000000.0,80154140.0,,
Yentl,tt0086619,,12000000.0,40219251.0,,
Rough Cut,tt0081439,,14000000.0,16656125.0,,
"Tinker, Tailor, Soldier, Spy",tt1340800,,20000000.0,81515369.0,,
Point Blank,tt0062138,,2500000.0,,,
Samson and Delilah,tt0041838,,3000000.0,,,
The Wolf of Wall Street,tt0993846,,100000000.0,407039432.0,,
Simpatico,tt0174204,,10000000.0,1281813.0,,
Scent of a Woman,tt0105323,,31000000.0,134095253.0,,
"20,000 Leagues Under the Sea",tt0046672,,9000000.0,746.0,,
The Wave,tt1063669,,5000000.0,32350637.0,,
Bicentennial Man,tt0182789,,100000000.0,87423861.0,,
Scott Pilgrim vs. the World,tt0446029,,60000000.0,51691156.0,,
Sherlock Holmes,tt0988045,,90000000.0,524028679.0,,
Neighbors,tt2004420,,18000000.0,270665134.0,,
The Method,tt7255502,,,,,
12,tt0050083,,350000.0,2945.0,,
Knights of the Teutonic Order,tt6528290,,60000000.0,6986177.0,,
Red Cliff,tt0425637,,553632000.0,129710514.0,,
Timeline,tt0300556,,80000000.0,43935763.0,,
The Drowning Pool,tt0072912,,2700000.0,,,
The Constant Gardener,tt0387131,,25000000.0,82468097.0,,
Maximum Overdrive,tt0091499,,10000000.0,7433663.0,,
The Postman,tt0119925,,80000000.0,17626234.0,,
The Spy Who Loved Me,tt0076752,,13500000.0,46876386.0,,
What Ever Happened to Baby Jane?,tt0056687,,980000.0,4154.0,,
"PS, I Love You",tt0431308,,30000000.0,156846321.0,,
Brewster's Millions,tt31955992,,10000000.0,,,
Goodfellas,tt0099685,,25000000.0,47055110.0,,
Limitless,tt1219289,,27000000.0,161849455.0,,
Hostage,tt0340163,,52000000.0,77663556.0,,
Percy Jackson & the Olympians: The Lightning Thief,tt0814255,,95000000.0,226497209.0,,
Metropolis,tt0017136,,6000000.0,1350322.0,,
Midnight Cowboy,tt0064665,,3600000.0,44802577.0,,
Return to the Blue Lagoon,tt0102782,,11000000.0,2807854.0,,
Witness for the Prosecution,tt0051201,,3000000.0,7903.0,,
It's Kind of a Funny Story,tt0804497,,8000000.0,6491240.0,,
Village of the Damned,tt0114852,,22000000.0,9418365.0,,
Hideous Kinky,tt0136244,,12000000.0,1263279.0,,
Sorcerer,tt0076740,,22000000.0,9914.0,,
Freedom Writers,tt0463998,,21000000.0,43095175.0,,
One for the Money,tt1598828,,40000000.0,38084162.0,,
Escape from the Planet of the Apes,tt0067065,,2500000.0,12348905.0,,
Romanzo Criminale,tt1242773,,,,,
Papillon,tt5093026,,7000000.0,10060903.0,,
A Civil Action,tt0120633,,75000000.0,56709981.0,,
Oliver!,tt0063385,,10000000.0,228.0,,
The Outlaw Josey Wales,tt0075029,,3700000.0,31800000.0,,
Stalag 17,tt0046359,,1661530.0,,,
Blood Work,tt0309377,,50000000.0,31794718.0,,
Sphinx,tt0083113,,14000000.0,2022771.0,,
Harry Potter and the Deathly Hallows – Part 2,tt1201607,,125000000.0,1342499744.0,,
The Talented Mr. Ripley,tt0134119,,40000000.0,138031432.0,,
Nightbreed,tt0100260,,11000000.0,9469695.0,,
Diary of a Wimpy Kid,tt1196141,,15000000.0,76196538.0,,
Naked Lunch,tt0102511,,16000000.0,2641357.0,,
Rise of the Planet of the Apes,tt1318514,,93000000.0,481800873.0,,
The Lincoln Lawyer,tt13833978,,,,,
Ice Station Zebra,tt0063121,,8000000.0,76.0,,
Chocolat,tt0241303,,25000000.0,152700626.0,,
The Guns of Navarone,tt0054953,,6000000.0,20616.0,,
Angel,tt0162065,,,,,
Hugo,tt0970179,,150000000.0,185770310.0,,
A Home at the End of the World,tt0359423,,6500000.0,1644653.0,,
Live and Let Die,tt0070328,,7000000.0,35384098.0,,
Pontypool,tt1226681,,950000.0,32118.0,,
Love Is My Profession,tt0051579,,750000.0,49454.0,,
The Quiet American,tt0258068,,30000000.0,27674124.0,,
The Skin I Live In,tt12887846,,,,,
Peter Pan,tt0316396,,100000000.0,121975011.0,,
Farewell to the King,tt0097334,,20000000.0,2420917.0,,
The Color of Money,tt0090863,,14500000.0,52293982.0,,
Memoirs of a Geisha,tt0397535,,85000000.0,162242962.0,,
Fight Club,tt0137523,,63000000.0,101321009.0,,
Abraham Lincoln: Vampire Hunter,tt1611224,,69000000.0,116471580.0,,
Die Hard 2,tt0099423,,70000000.0,240031274.0,,
Cat on a Hot Tin Roof,tt0051459,,3000000.0,1872.0,,
The Deep,tt0075925,,9000000.0,47346365.0,,
Viy. Returning,tt7311010,,,,,
Angels and Demons,tt0808151,,150000000.0,485930816.0,,
Beastly,tt1152398,,17000000.0,43202283.0,,
The Lost Weekend,tt0037884,,1250000.0,681.0,,
The Jacket,tt0366627,,29000000.0,21733230.0,,
The Phantom of the Opera,tt0293508,,70000000.0,154674241.0,,
Memento,tt0209144,,9000000.0,40047236.0,,
12 Angry Men,tt0050083,,350000.0,2945.0,,
The Borrowers,tt0118755,,29000000.0,22619589.0,,
From Here to Eternity,tt0045793,,1650000.0,36416.0,,
Nim's Island,tt0410377,,37000000.0,100104565.0,,
The Player,tt0105151,,8000000.0,21706547.0,,
Ruby in Paradise,tt0108000,,800000.0,1001437.0,,
The Bourne Legacy,tt1194173,,125000000.0,276144750.0,,
The Woman in Black,tt1596365,,17000000.0,128955898.0,,
Twilight,tt1099212,,37000000.0,408496327.0,,
Hannibal,tt2243973,,,,,
Because of Winn-Dixie,tt0317132,,14000000.0,33589427.0,,
All About Eve,tt0042192,,1400000.0,154736.0,,
The Hunchback of Notre Dame,tt0116583,,100000000.0,325338851.0,,
Tape,tt1956620,,40000000.0,126069509.0,,
King Solomon's Mines,tt0089421,,12500000.0,15057465.0,,
The NeverEnding Story,tt0088323,,27000000.0,20288595.0,,
Jean de Florette,tt0091288,,,4940939.0,,
Grand Hotel,tt2278388,,25000000.0,174567384.0,,
Men in Black,tt0119654,,90000000.0,589390539.0,,
Just like Heaven,tt0425123,,58000000.0,102854431.0,,
GoldenEye,tt0113189,,60000000.0,352194034.0,,
Flipped,tt0817177,,14000000.0,4324817.0,,
Jumanji,tt0113497,,65000000.0,262821940.0,,
Submarine,tt1440292,,,3875173.0,,
The Hunt for Red October,tt0099810,,30000000.0,200512643.0,,
Shopgirl,tt0338427,,10200000.0,11675161.0,,
Mary Reilly,tt0117002,,47000000.0,12379402.0,,
Quest for Fire,tt0082484,,12500000.0,20962615.0,,
L'Empire des loups,tt0402158,,24000000.0,12373145.0,,
Sydney White,tt0815244,,16500000.0,13620075.0,,
Virgin Territory,tt0437954,,38000000.0,5410749.0,,
The Cider House Rules,tt0124315,,24000000.0,88545092.0,,
The Curious Case of Benjamin Button,tt0421715,,150000000.0,335802786.0,,
Frankenstein,tt1312221,,,,,
Noah,tt1959490,,125000000.0,359200044.0,,
The Sheltering Sky,tt0100594,,25000000.0,2075084.0,,
The King and I,tt0049408,,4550000.0,21320209.0,,
The Ring,tt14824600,,30000000.0,10650522.0,,
Smilla's Sense of Snow,tt0120152,,35000000.0,2372903.0,,
Tai-Pan,tt0092042,,25000000.0,4007250.0,,
Enemy at the Gates,tt0215750,,68000000.0,96976270.0,,
The Bridge on the River Kwai,tt0050212,,3000000.0,27201366.0,,
East of Eden,tt0048028,,,28821.0,,
Pather Panchali,tt0048473,,,135342.0,,
Doubt,tt0918927,,20000000.0,51699984.0,,
Random Hearts,tt0156934,,64000000.0,74608570.0,,
Adaptation,tt0268126,,19000000.0,32802440.0,,
Young Frankenstein,tt0072431,,2800000.0,86276706.0,,
Invictus,tt1057500,,60000000.0,122426792.0,,
The Other,tt2203939,,40000000.0,196710396.0,,
The Road,tt0898367,,25000000.0,27639579.0,,
The Kite Runner,tt0419887,,20000000.0,75011029.0,,
Candy,tt21328106,,,,,
Creepshow 2,tt0092796,,3500000.0,14000000.0,,
Hotel for Dogs,tt0785006,,35000000.0,117252578.0,,
Bride and Prejudice,tt0361411,,7000000.0,24716440.0,,
The Client,tt0109446,,45000000.0,117615211.0,,
Closer,tt0376541,,27000000.0,115518219.0,,
The Godfather,tt0068646,,6000000.0,250342198.0,,
Misery,tt0100157,,20000000.0,61277597.0,,
The Scarlet Letter,tt0114345,,46000000.0,10382407.0,,
The Color Purple,tt0088939,,15000000.0,98468102.0,,
Battle for the Planet of the Apes,tt0069768,,1800000.0,8844595.0,,
Vicky the Viking,tt0278855,,,,,
The Indian in the Cupboard,tt0113419,,45000000.0,35656131.0,,
Layer Cake,tt0375912,,4000000.0,11850214.0,,
The Way Back,tt1023114,,30000000.0,24172201.0,,
Gone with the Wind,tt0031381,,3977000.0,402382193.0,,
Race to Witch Mountain,tt1075417,,65000000.0,106387141.0,,
The Last Legion,tt0462396,,35000000.0,25303038.0,,
Gorillas in the Mist: The Story of Dian Fossey,tt0095243,,22000000.0,61149479.0,,
Blood and Sand,tt1442449,,,,,
Killing Them Softly,tt1764234,,15000000.0,37930465.0,,
The Sheik,tt0012675,,,,,
Around the World in Eighty Days,tt0048960,,6000000.0,42009549.0,,
The 13th Warrior,tt0120657,,160000000.0,61698899.0,,
The Big Bounce,tt0315824,,50000000.0,6808550.0,,
A Good Year,tt0401445,,35000000.0,42269923.0,,
Cloud Atlas,tt1371111,,102000000.0,130516424.0,,
Fletch,tt0089155,,8000000.0,59612888.0,,
Casino Royale,tt0381061,,150000000.0,616577552.0,,
Who Framed Roger Rabbit,tt0096438,,70000000.0,329803958.0,,
Fear and Loathing in Las Vegas,tt0120669,,18500000.0,10680275.0,,
The Asphalt Jungle,tt0042208,,1232000.0,29868.0,,
Precious: Based on the Novel Push by Sapphire,tt10032120,,,,,
Rashomon,tt0042876,,250000.0,137881.0,,
The Eagle of the Ninth,tt0397778,,,,,
The Wiz,tt0078504,,24000000.0,21049647.0,,
Muppet Treasure Island,tt0117110,,,34327391.0,,
Carrie,tt0074285,,1800000.0,33861395.0,,
Flags of Our Fathers,tt0418689,,90000000.0,65900249.0,,
The Caine Mutiny,tt0046816,,2000000.0,21750000.0,,
Crash,tt0115964,,9000000.0,2672248.0,,
Harriet the Spy,tt0116493,,12000000.0,26570048.0,,
Mildred Pierce,tt1492030,,,,,
A Sound of Thunder,tt0318081,,80000000.0,11665465.0,,
The Bourne Ultimatum,tt0440963,,110000000.0,442824138.0,,
Seven Swords,tt0429078,,140000000.0,3473290.0,,
Revolutionary Road,tt0959337,,35000000.0,75981180.0,,
3:10 to Yuma,tt0381849,,55000000.0,70016220.0,,
Big Trouble,tt0246464,,40000000.0,8493890.0,,
Road to Perdition,tt0257044,,80000000.0,181001478.0,,
Thunderball,tt0059800,,9000000.0,63607066.0,,
Matilda,tt0117008,,36000000.0,33460753.0,,
The Last Station,tt0824758,,18000000.0,20554320.0,,
Werckmeister Harmonies,tt0249241,,10000000.0,69923.0,,
Get Shorty,tt0113161,,30250000.0,115101622.0,,
A Passage to India,tt0087892,,16000000.0,27201487.0,,
A Christmas Carol,tt1067106,,200000000.0,325286646.0,,
The Crow: City of Angels,tt0115986,,13000000.0,17917287.0,,
Oz: The Great and Powerful,tt1623205,,215000000.0,493311825.0,,
Alice in Wonderland,tt1014759,,200000000.0,1025468216.0,,
Gomorra,tt0929425,,,34861529.0,,
Harry Potter and the Chamber of Secrets,tt0295297,,100000000.0,882546027.0,,
The Virgin Suicides,tt0159097,,9000000.0,10411722.0,,
The Beach,tt0163978,,50000000.0,144056873.0,,
The World Is Not Enough,tt0143145,,135000000.0,361832400.0,,
The Night Flier,tt0119784,,1000000.0,125397.0,,
Logan's Run,tt0074812,,9000000.0,,,
Atonement,tt0783233,,30000000.0,129266061.0,,
The Dirty Dozen,tt0061578,,5400000.0,,,
Harry Potter and the Prisoner of Azkaban,tt0304141,,130000000.0,808485409.0,,
Eclipse,tt1325004,,68000000.0,698513085.0,,
The Piano Teacher,tt0254686,,70000000.0,6766708.0,,
Firefox,tt0083943,,21000000.0,46708276.0,,
Notes on a Scandal,tt0465551,,15000000.0,49814568.0,,
Caravans,tt0077296,,14000000.0,3930501.0,,
The Natural,tt0087781,,28000000.0,47951979.0,,
To Kill a Mockingbird,tt0056592,,2000000.0,599934.0,,
1408,tt0450385,,25000000.0,132963417.0,,
The Fly,tt1896747,,100000000.0,42225354.0,,
The Railway Man,tt2058107,,18000000.0,24174885.0,,
Wuthering Heights,tt32897959,,,,,
Mr. Popper's Penguins,tt1396218,,55000000.0,187361754.0,,
A Place in the Sun,tt0043924,,2295304.0,748.0,,
The Golden Bowl,tt0200669,,15000000.0,5753678.0,,
My Sister's Keeper,tt1078588,,30000000.0,95714875.0,,
Suspicion,tt33043898,,,,,
Donnie Brasco,tt0119008,,35000000.0,124909762.0,,
Johnny Mnemonic,tt0113481,,26000000.0,19077036.0,,
A Few Good Men,tt0104257,,41000000.0,243240178.0,,
The Silver Chalice,tt0047494,,4500000.0,,,
The House of Usher,tt15567174,,,,,
Dangerous Liaisons,tt0094947,,14000000.0,34670720.0,,
The Killer Inside Me,tt0954947,,13000000.0,4052191.0,,
Carnage,tt7097896,,110000000.0,506813864.0,,
Rabbit Hole,tt5822112,,,,,
Sarah's Key,tt1668200,,10000000.0,24792815.0,,
Extremely Loud and Incredibly Close,tt0477302,,40000000.0,55247881.0,,
Dragonball Evolution,tt1098327,,30000000.0,55720772.0,,
What's Your Number?,tt0770703,,20000000.0,30426096.0,,
The Sound of Music,tt0059742,,8200000.0,159484051.0,,
Flicka,tt0434215,,15000000.0,21893591.0,,
Licence to Kill,tt0097742,,32000000.0,156167015.0,,
What Dreams May Come,tt0120889,,85000000.0,55383166.0,,
James and the Giant Peach,tt0116683,,38000000.0,28946127.0,,
The Rainmaker,tt0119978,,40000000.0,45916769.0,,
A Soldier's Story,tt0088146,,6000000.0,21821347.0,,
Charly,tt0062794,,,18530000.0,,
All the Pretty Horses,tt0149624,,57000000.0,18133495.0,,
The Man Who Would Be King,tt0073341,,8000000.0,12678.0,,
Solaris,tt0069293,,1000000.0,229210.0,,
The Tin Drum,tt0078875,,,7469.0,,
Kiss of the Spider Woman,tt30400277,,,,,
The Thing,tt0084787,,15000000.0,20630135.0,,
Rent,tt0294870,,40000000.0,31670620.0,,
The Diving Bell and the Butterfly,tt2996200,,,,,
The Birds,tt0056869,,2500000.0,54531.0,,
"Farewell, My Lovely",tt0072973,,2500000.0,,,
Lost Horizon,tt0029162,,4000000.0,,,
House of Sand and Fog,tt0315983,,16500000.0,16763804.0,,
Cactus Flower,tt0064117,,3000000.0,,,
My Left Foot,tt0097937,,600000.0,14743391.0,,
The Big Kahuna,tt0189584,,7000000.0,3728888.0,,
The Hotel New Hampshire,tt0087428,,7500000.0,5142858.0,,
Pride & Prejudice,tt0414387,,28000000.0,121616555.0,,
Cloudy With A Chance of Meatballs,tt0844471,,100000000.0,243006136.0,,
How Stella Got Her Groove Back,tt0120703,,20000000.0,39278722.0,,
The Dogs of War,tt0080641,,,5484132.0,,
Rosemary's Baby,tt0063522,,3200000.0,3288.0,,
How to Make an American Quilt,tt0113347,,10000000.0,41200020.0,,
"The Beast from 20,000 Fathoms",tt0045546,,210000.0,,,
The Lawnmower Man,tt0104692,,10000000.0,32100816.0,,
Die Another Day,tt0246460,,142000000.0,431971781.0,,
Anna Christie,tt0020641,,376000.0,,,
The Human Stain,tt0308383,,30000000.0,22954068.0,,
Lincoln,tt13833978,,,,,
"One, Two, Three",tt0055256,,3000000.0,,,
You Only Live Twice,tt0062512,,9500000.0,43115913.0,,
Shane,tt0046303,,3100000.0,21412.0,,
The Crow,tt1340094,,50000000.0,23999106.0,,
The Women,tt0430770,,16000000.0,50007546.0,,
One Shot,tt14199590,,,29439.0,,
Tough Guys Don't Dance,tt0094169,,5000000.0,858250.0,,
Perfume: The Story of a Murderer,tt0396171,,60000000.0,135039924.0,,
Party Monster,tt0320244,,5000000.0,782606.0,,
Screamers,tt0114367,,20000000.0,5711695.0,,
The Outsiders,tt0086066,,10000000.0,25839182.0,,
City of Ember,tt0970411,,55000000.0,17929684.0,,
Brokeback Mountain,tt0388795,,14000000.0,178064141.0,,
Diamonds Are Forever,tt0066995,,7200000.0,43830091.0,,
The Spiderwick Chronicles,tt0416236,,90000000.0,164170327.0,,
The Adjustment Bureau,tt1385826,,50200000.0,127869379.0,,
The Tracey Fragments,tt0801526,,750000.0,42318.0,,
Blindness,tt0861689,,25000000.0,19844979.0,,
The Crucible,tt0115988,,25000000.0,7343114.0,,
Men in Black II,tt0120912,,140000000.0,445135288.0,,
Alfie,tt0375173,,60000000.0,35060882.0,,
Coma,tt0077355,,4500000.0,,,
Winter’s Bone,tt1399683,,2000000.0,13796834.0,,
Mirror Mirror,tt2085059,,,,,
The Inhabited Island,tt0972558,,29500000.0,23772559.0,,
The Robe,tt0046247,,5000000.0,36010866.0,,
Blade Runner,tt0083658,,28000000.0,41758452.0,,
"Angus, Thongs and Perfect Snogging",tt0963743,,,14926344.0,,
One Flew Over the Cuckoo's Nest,tt0073486,,3000000.0,109115366.0,,
Marie Antoinette,tt0422720,,40000000.0,60917189.0,,
She Done Him Wrong,tt0024548,,200000.0,,,
The Lovely Bones,tt0380510,,65000000.0,93621340.0,,
Born on the Fourth of July,tt0096969,,14000000.0,161001698.0,,
Outbreak,tt27791972,,,,,
Arabian Nights,tt0071502,,,755.0,,
The World According to Garp,tt0084917,,17000000.0,29712172.0,,
Bruce Almighty,tt0315327,,81000000.0,484592874.0,,
The Bridges of Madison County,tt0112579,,24000000.0,182016617.0,,
In Cold Blood,tt0061809,,3500000.0,316.0,,
Diary of a Wimpy Kid: Dog Days,tt2023453,,22000000.0,77229695.0,,
The Lorax,tt1482459,,70000000.0,349305397.0,,
The Silver Linings Playbook,tt1045658,,21000000.0,236412453.0,,
Incendies,tt1255953,,6800000.0,6797861.0,,
Frenzy,tt0068611,,2000000.0,4940.0,,
An Awfully Big Adventure,tt0112427,,4000000.0,259724.0,,
Gaslight,tt0036855,,,2391.0,,
25th Hour,tt0307901,,5000000.0,23936003.0,,
Never Say Never Again,tt0086006,,36000000.0,55433185.0,,
Blitz,tt15939198,,,1410783.0,,
Elmer Gantry,tt0053793,,3000000.0,64.0,,
Duma,tt0361715,,12000000.0,994790.0,,
Something Wicked This Way Comes,tt0086336,,19000000.0,8400000.0,,
Private Parts,tt0119951,,28000000.0,41230799.0,,
Ella Enchanted,tt0327679,,31000000.0,27388767.0,,
Stanley and Iris,tt0100680,,23000000.0,5820015.0,,
Oldboy,tt0364569,,3000000.0,17592355.0,,
The Sorcerer's Apprentice,tt0963966,,150000000.0,215283742.0,,
The Sisterhood of the Traveling Pants 2,tt1018785,,27000000.0,44352417.0,,
A History of Violence,tt0399146,,32000000.0,61385065.0,,
Pope Joan,tt0458455,,22000000.0,28748076.0,,
An American Carol,tt0078764,,2000000.0,,,
Monkey Shines,tt0095652,,7000000.0,5344577.0,,
The Shaggy Dog,tt0393735,,50000000.0,87134280.0,,
Re-Animator,tt0089885,,900000.0,2025014.0,,
Sin City,tt0401792,,40000000.0,158733820.0,,
"Girl, Interrupted",tt0172493,,40000000.0,48350205.0,,
The Box,tt0086675,,,,,
The Awakening,tt1687901,,3000000.0,6879667.0,,
Hellboy 2: The Golden Army,tt1979548,,,,,
My Name is Bruce,tt0489235,,1500000.0,173066.0,,
Gangs of New York,tt0217505,,100000000.0,193772504.0,,
Jude,tt0116722,,7000000.0,409144.0,,
Where the Heart Is,tt0154094,,,,,
House of Usher,tt15567174,,,,,
The Sweet Hereafter,tt0120255,,5000000.0,3263585.0,,
Arthur and the Vengeance of Maltazard,tt0940657,,65000000.0,52377611.0,,
Kandukondain Kandukondain,tt0242572,,,,,
Elegy,tt6772802,,45000000.0,,,
Waking the Dead,tt0259733,,,,,
Stuart Little 2,tt0243585,,120000000.0,169956806.0,,
Lootera,tt2224317,,,789671.0,,
The Blind Side,tt0878804,,29000000.0,309231694.0,,
Percy Jackson & the Olympians: Sea of Monsters,tt28638242,,,,,
Secret Window,tt0363988,,40000000.0,92913171.0,,
Contact,tt0118884,,90000000.0,171120329.0,,
Arthur and the Invisibles,tt0985586,,,,,
Exodus,tt0053804,,4000000.0,12634.0,,
Trapped,tt3561180,,,,,
Trainspotting,tt0117951,,1500000.0,16981823.0,,
The Black Dahlia,tt0387877,,50000000.0,49332692.0,,
Murder on the Orient Express,tt3402236,,55000000.0,352794081.0,,
Iris,tt0280778,,5500000.0,16153953.0,,
Hud,tt0057163,,2500000.0,,,
Angela's Ashes,tt0145653,,50000000.0,13042112.0,,
Walk the Line,tt0358273,,28000000.0,186797986.0,,
Starship Troopers,tt0120201,,105000000.0,121214377.0,,
The Girl Who Kicked the Hornets' Nest,tt1343097,,4000000.0,44276335.0,,
From Beyond,tt0091083,,4500000.0,1261000.0,,
Alfie,tt0375173,,60000000.0,35060882.0,,
Little Big Man,tt0065988,,15000000.0,31559552.0,,
A Time to Kill,tt0117913,,40000000.0,152266007.0,,
I Know What You Did Last Summer,tt4045450,,,,,
The Raven,tt1486192,,26000000.0,29699345.0,,
The Dreamers,tt0309987,,15000000.0,23671656.0,,
Carnosaur,tt0106521,,850000.0,1753979.0,,
8 Women,tt0283832,,8000000.0,42426583.0,,
The Return of the Musketeers,tt0098194,,,,,
Return to Oz,tt0089908,,25000000.0,11137801.0,,
Sliver,tt0108162,,40000000.0,116300000.0,,
A Dangerous Method,tt1571222,,15000000.0,30519436.0,,
Sleeping Beauty,tt1588398,,3000000.0,408680.0,,
The Taking of Pelham One Two Three,tt0072251,,5000000.0,357.0,,
Angel Heart,tt0092563,,17000000.0,17185954.0,,
The Notebook,tt0332280,,29000000.0,118537193.0,,
Bug,tt0470705,,4000000.0,8095931.0,,
The Most Dangerous Game,tt15822738,,,,,
Capote,tt0379725,,7000000.0,49327405.0,,
Lemony Snicket's A Series of Unfortunate Events,tt15100780,,,,,
Pee-wee's Big Adventure,tt0089791,,6000000.0,41047344.0,,
Single White Female,tt0105414,,16000000.0,48017402.0,,
The Towering Inferno,tt0072308,,14000000.0,116001993.0,,
The Taking of Pelham 1 2 3,tt0072251,,5000000.0,357.0,,
The Painted Veil,tt0446755,,19400000.0,26910847.0,,
The Deep End of the Ocean,tt0120646,,38000000.0,28121100.0,,
Arsene Lupin,tt0022639,,433000.0,,,
Flesh and the Devil,tt0016884,,373000.0,,,
Topaz,tt0065112,,4000000.0,88.0,,
Invasion of the Body Snatchers,tt0077745,,3500000.0,24949050.0,,
Village of the Damned,tt0114852,,22000000.0,9418365.0,,
The Mist,tt0884328,,18000000.0,57470220.0,,
My Dog Skip,tt0156812,,6000000.0,35547761.0,,
How the Grinch Stole Christmas!,tt0170016,,123000000.0,346659384.0,,
Matchstick Men,tt0325805,,62000000.0,65565672.0,,
Thirst,tt0762073,,5000000.0,13085023.0,,
Amadeus,tt0086879,,18000000.0,52075942.0,,
The Fury,tt10151854,,125000000.0,134138006.0,,
I Love You Beth Cooper,tt1032815,,18000000.0,15821907.0,,
The Horse Whisperer,tt0119314,,60000000.0,186883563.0,,
Bombshell,tt6394270,,32000000.0,61404394.0,,
The Scapegoat,tt2084977,,,,,
All the King's Men,tt0405676,,55000000.0,9451623.0,,
Waterworld,tt0114898,,175000000.0,264218220.0,,
The Man with the Golden Gun,tt0071807,,7000000.0,20972986.0,,
Night Watch,tt0403358,,4200000.0,50336279.0,,
Shortcut to Happiness,tt0263265,,35000000.0,686846.0,,
Harper,tt30321133,,,,,
Green Zone,tt0947810,,100000000.0,113377594.0,,
The Unholy Three,tt0016473,,103000.0,,,
Gods and Monsters,tt0120684,,10000000.0,6451628.0,,
Along Came a Spider,tt0164334,,60000000.0,105178561.0,,
Cold Mountain,tt0159365,,79000000.0,173013509.0,,
Dr. No,tt0055928,,392022.0,16120643.0,,
Cosmopolis,tt1480656,,20500000.0,7029095.0,,
Strangers on a Train,tt0044079,,1200000.0,50415.0,,
Divine Secrets of the Ya-Ya Sisterhood,tt0279778,,27000000.0,73839240.0,,
From Russia with Love,tt0057076,,2000000.0,24811445.0,,
The Thin Man,tt0025878,,226408.0,,,
The Pit and the Pendulum,tt0055304,,200000.0,,,
I Still Know What You Did Last Summer,tt0130018,,65000000.0,40002112.0,,
Instinct,tt0103772,,49000000.0,352927224.0,,
"O Brother, Where Art Thou?",tt0190590,,26000000.0,71871136.0,,
Marooned,tt0064639,,8000000.0,,,
Barbarella,tt0062711,,9000000.0,1288.0,,
The Keep,tt0085780,,11000000.0,4219430.0,,
Postcards from the Edge,tt0100395,,22000000.0,39071603.0,,
Kwaidan,tt0058279,,350000000.0,,,
A Fistful of Dollars,tt13246712,,,,,
"Lust, Caution",tt0808357,,15000000.0,67091915.0,,
The Lost World: Jurassic Park,tt0119567,,73000000.0,618638999.0,,
The Front Page,tt0071524,,4000000.0,,,
The Last Mistress,tt0437526,,6000000.0,1831577.0,,
Primary Colors,tt0119942,,65000000.0,52090187.0,,
October Sky,tt0132477,,25000000.0,34698753.0,,
Harry Potter and the Deathly Hallows: Part I,tt1201607,,125000000.0,1342499744.0,,
The Sea Wolf,tt0034162,,1013217.0,6192.0,,
Black Bread,tt1454523,,6000000.0,3784105.0,,
The Quiet Earth,tt0089869,,1000000.0,2123562.0,,
Sahara,tt0318649,,130000000.0,119240351.0,,
The Devil Wears Prada,tt0458352,,35000000.0,326717337.0,,
Up in the Air,tt1193138,,25000000.0,166842739.0,,
Coraline,tt0327597,,60000000.0,185860104.0,,
Rust and Bone,tt2053425,,15550182.0,25807712.0,,
The Men Who Stare at Goats,tt1234548,,25000000.0,69095771.0,,
Waiting to Exhale,tt0114885,,16000000.0,81452156.0,,
Bringing Out the Dead,tt0163988,,55000000.0,16798496.0,,
Bridget Jones: The Edge of Reason,tt0317198,,40000000.0,265126918.0,,
The Clan of the Cave Bear,tt0090848,,15000000.0,1953732.0,,
Hombre,tt0061770,,5860000.0,,,
Tom Jones,tt0057590,,1000000.0,,,
The Last Temptation of Christ,tt0095497,,7000000.0,8866379.0,,
The Egyptian,tt0046949,,5000000.0,,,
Pinocchio,tt4593060,,150000000.0,33731.0,,
Show Boat,tt0044030,,2295429.0,236.0,,
Running with Scissors,tt0439289,,12000000.0,7460797.0,,
The Manchurian Candidate,tt0368008,,80000000.0,96105910.0,,
Mrs. Winterbourne,tt0117104,,25000000.0,10082005.0,,
A View to a Kill,tt0090264,,30000000.0,50337730.0,,
The Queen of Spades,tt0041776,,,,,
The Golden Compass,tt0385752,,180000000.0,372234864.0,,
Das Boot,tt0082096,,32000000.0,11488778.0,,
"The Book of Mormon Movie, Vol. 1: The Journey",tt0349159,,1500000.0,1680020.0,,
Cruel Intentions,tt15532306,,,,,
Let the Right One In,tt14367168,,,,,
Never Let Me Go,tt1334260,,15000000.0,9918232.0,,
The Bachelor,tt0313038,,,,,
Gentleman's Agreement,tt0039416,,1985000.0,,,
Monte Carlo,tt1067774,,20000000.0,39782697.0,,
Dragon: The Bruce Lee Story,tt0106770,,14000000.0,63513743.0,,
City of Joy,tt0103976,,27000000.0,14683921.0,,
Devil in a Blue Dress,tt0112857,,27000000.0,16141551.0,,
Journey 2: The Mysterious Island,tt1397514,,79000000.0,335288576.0,,
Something Borrowed,tt0491152,,35000000.0,65100369.0,,
The Informant!,tt1130080,,22000000.0,41771168.0,,
On the Road,tt0337692,,25000000.0,9617377.0,,
The Crucible,tt0115988,,25000000.0,7343114.0,,
Alex Cross,tt1712170,,35000000.0,34618867.0,,
New Moon,tt1259571,,50000000.0,711048123.0,,
Freejack,tt0104299,,30000000.0,17129026.0,,
Deliverance,tt0068473,,2000000.0,4550.0,,
The Pledge,tt0237572,,35000000.0,29419291.0,,
Wait Until Dark,tt0062467,,3000000.0,,,
The Prince of Tides,tt0102713,,30000000.0,74787599.0,,
The Chronicles of Narnia: Prince Caspian,tt0499448,,225000000.0,419665568.0,,
The Day the Earth Stood Still,tt0970416,,80000000.0,233093859.0,,
The Haunting,tt6763664,,,,,
Candyman,tt0103919,,6000000.0,25795897.0,,
Death Sentence,tt0804461,,20000000.0,16974459.0,,
Dracula,tt0103874,,40000000.0,215862692.0,,
Wag the Dog,tt0120885,,15000000.0,64256513.0,,
The Polar Express,tt0338348,,165000000.0,318557595.0,,
Young Sherlock Holmes,tt0090357,,18000000.0,19739575.0,,
Jurassic Park,tt0107290,,63000000.0,1104379926.0,,
The Manchurian Candidate,tt0368008,,80000000.0,96105910.0,,
The King and I,tt0049408,,4550000.0,21320209.0,,
On Her Majesty's Secret Service,tt0064757,,7000000.0,22828813.0,,
JFK,tt0102138,,40000000.0,205405498.0,,
The Count of Monte Cristo,tt29547746,,,,,
Killer Elite,tt1448755,,70000000.0,57084522.0,,
Touch of Evil,tt0052311,,829000.0,2285063.0,,
Buffalo Soldiers,tt0252299,,15000000.0,2300684.0,,
John Carter,tt0401729,,250000000.0,284139100.0,,
The State Counsellor,tt0450158,,4000000.0,7726507.0,,
The Prestige,tt0482571,,40000000.0,109676311.0,,
Charlotte's Web,tt0413895,,85000000.0,148964660.0,,
Journey to the Center of the Earth,tt0373051,,60000000.0,244232688.0,,
Day Watch,tt0409904,,4200000.0,42918532.0,,
True Grit,tt1403865,,38000000.0,252278285.0,,
Mystic River,tt0327056,,25000000.0,156595191.0,,
Lawless,tt1212450,,26000000.0,55404207.0,,
Cool Hand Luke,tt0061512,,3200000.0,1767.0,,
The Amityville Horror,tt0384806,,19000000.0,107516369.0,,
Jeremiah Johnson,tt0068762,,3100000.0,,,
The Help,tt1454029,,25000000.0,221802186.0,,
Disclosure,tt0109635,,55000000.0,214015089.0,,
Anna Karenina,tt1781769,,40600000.0,68929150.0,,
Wild at Heart,tt0100935,,9500000.0,14572846.0,,
The Shining,tt0081505,,19000000.0,47959450.0,,
Legends of the Fall,tt0110322,,30000000.0,160638883.0,,
Presumed Innocent,tt17677860,,,,,
Rise of the Guardian,tt6032558,,,,,
The Four Feathers,tt0240510,,35000000.0,29882645.0,,
The Wedding Date,tt0372532,,15000000.0,47096206.0,,
Forrest Gump,tt0109830,,55000000.0,678226465.0,,
The Object of My Affection,tt0120772,,15000000.0,46905889.0,,
Jumper,tt0489099,,85000000.0,225132113.0,,
Bel Ami,tt1440732,,,9374932.0,,
The Mysterious Island,tt1397514,,79000000.0,335288576.0,,
High Fidelity,tt0146882,,30000000.0,47126295.0,,
The Hours,tt0274558,,25000000.0,108846217.0,,
The War of the Worlds,tt9686194,,,,,
The Secret in Their Eyes,tt1305806,,2000000.0,35079650.0,,
Bridget Jones's Diary,tt0243155,,25000000.0,334273059.0,,
Less Than Zero,tt0093407,,8000000.0,12396383.0,,
The End of the Affair,tt0172396,,23000000.0,10827816.0,,
A Clockwork Orange,tt0066921,,2200000.0,27034174.0,,
Red Dragon,tt0289765,,78000000.0,209196298.0,,
Everything Must Go,tt1531663,,5000000.0,2820490.0,,
Sphere,tt0120184,,80000000.0,37020277.0,,
Dr. Jekyll and Ms. Hyde,tt0112895,,8000000.0,2763020.0,,
The League of Extraordinary Gentlemen,tt0311429,,78000000.0,179265204.0,,
No Way Out,tt0093640,,15000000.0,35509515.0,,
"Crouching Tiger, Hidden Dragon",tt0795363,,,,,
Sophie's Choice,tt0084707,,12000000.0,30036166.0,,
When Worlds Collide,tt0044207,,936000.0,,,
The Heiress,tt0041452,,2600000.0,158.0,,
Emmanuelle,tt20247888,,,647798.0,,
Secret Sunshine,tt0817225,,,11583380.0,,
Family Plot,tt0074512,,4490375.0,111.0,,
The Secret of Moonacre,tt0396707,,32000000.0,7162618.0,,
How Green Was My Valley,tt0033729,,1250000.0,865.0,,
The Great Gatsby,tt1343092,,105000000.0,353660028.0,,
Cape Fear,tt0101540,,35000000.0,182291969.0,,
The Big Year,tt1053810,,41000000.0,8179416.0,,
The Treasure of the Sierra Madre,tt0040897,,3000000.0,5014000.0,,
Fried Green Tomatoes,tt0101921,,11000000.0,119418501.0,,
Fair Game,tt0977855,,22000000.0,25806953.0,,
Empire of the Sun,tt0092965,,35000000.0,22239121.0,,
The Perfect Storm,tt0177971,,140000000.0,328718434.0,,
Apocalypse Now Redux,tt0078788,,31500000.0,105086099.0,,
Young Adam,tt0289635,,6400000.0,2561820.0,,
Like Water for Chocolate,tt29258436,,,,,
Constantine,tt0360486,,100000000.0,230884728.0,,
The Great Gatsby,tt1343092,,105000000.0,353660028.0,,
Destination Moon,tt0042393,,592000.0,,,
Zodiac,tt0443706,,65000000.0,84786496.0,,
Clueless,tt0112697,,12000000.0,56697748.0,,
Cell 211,tt1242422,,3500000.0,19305314.0,,
The Three Musketeers,tt1509767,,75000000.0,132274484.0,,
Apocalypse Now,tt0078788,,31500000.0,105086099.0,,
The Last of the Mohicans,tt0104691,,40000000.0,75506530.0,,
The Postman Always Rings Twice,tt0082934,,12000000.0,12383416.0,,
Dear John,tt0094447,,,,,
Ordinary People,tt0081283,,6000000.0,54766923.0,,
The Host,tt0468492,,12215500000.0,89433506.0,,
Bram Stoker's Dracula,tt0103874,,40000000.0,215862692.0,,
Poseidon,tt0409182,,160000000.0,181674817.0,,
The Flowers of War,tt13666674,,,,,
The Unbearable Lightness of Being,tt0096332,,17000000.0,10006806.0,,
Exit to Eden,tt0109758,,25000000.0,6841570.0,,
Vertigo,tt0052357,,2479000.0,7809098.0,,
Alatriste,tt0395119,,24000000.0,23482607.0,,
Morphine,tt1186366,,,791917.0,,
The Illusionist,tt0443543,,16500000.0,87892388.0,,
U Turn,tt0120399,,19000000.0,6682098.0,,
Heat,tt0113277,,60000000.0,187436818.0,,
Coriolanus,tt1372686,,,2435325.0,,
Carmen Jones,tt0046828,,750000.0,,,
Midnight in the Garden of Good and Evil,tt0119668,,35000000.0,25105255.0,,
1984,tt0087803,,3000000.0,8431544.0,,
Mister Foe,tt0466816,,3800000.0,2149799.0,,
Driving Miss Daisy,tt0097239,,7500000.0,145793296.0,,
Everything Is Illuminated,tt0404030,,7000000.0,3601974.0,,
Big Fish,tt0319061,,70000000.0,123235422.0,,
Savages,tt1615065,,45000000.0,82966152.0,,
The Sum of All Fears,tt0164184,,68000000.0,193921372.0,,
Onegin,tt0119079,,14000000.0,206128.0,,
All the President's Men,tt0074119,,8500000.0,70601199.0,,
Boy Culture,tt0433350,,500000.0,269589.0,,
Quo Vadis,tt0043949,,7623000.0,101486.0,,
Atlas Shrugged: Part I,tt0480239,,20000000.0,4627375.0,,
Invasion of the Body Snatchers,tt0077745,,3500000.0,24949050.0,,
Anatomy of a Murder,tt0052561,,,194.0,,
Flight of the Intruder,tt0099587,,35000000.0,14587732.0,,
A Room with a View,tt0091867,,3000000.0,21059122.0,,
Sense and Sensibility,tt0114388,,16000000.0,134582776.0,,
Sleepy Hollow,tt0162661,,100000000.0,206071526.0,,
Death Note,tt0877057,,,,,
Harry Potter and the Philosopher's Stone,tt32397658,,,,,
The Crime of Father Amaro,tt0487887,,1477671.0,713099.0,,
The Last Emperor,tt0093389,,23000000.0,43994979.0,,
Excalibur,tt0082348,,11000000.0,34971136.0,,
August: Osage County,tt1322269,,25000000.0,74188937.0,,
City of God,tt0317248,,3300000.0,30680793.0,,
Gods and Generals,tt0279111,,56000000.0,12923936.0,,
The Midnight Meat Train,tt0805570,,15000000.0,3534313.0,,
From Prada to Nada,tt0893412,,,4072098.0,,
Hideaway,tt0113303,,15000000.0,12201255.0,,
Black Sunday,tt0054067,,,,,
Cutter's Way,tt0082220,,3000000.0,1752634.0,,
The Young and Prodigious Spivet,tt1981107,,33000000.0,9494789.0,,
What's Eating Gilbert Grape,tt0108550,,11000000.0,10032765.0,,
Cujo,tt0085382,,5000000.0,21156152.0,,
Hawaii,tt1600194,,,,,
Planet of the Apes,tt11389872,,160000000.0,397378150.0,,
Death on the Nile,tt7657566,,90000000.0,137307235.0,,
Cheri,tt1179258,,23000000.0,9368242.0,,
The Passion of the Christ,tt0335345,,30000000.0,612060372.0,,
Interview with the Vampire: The Vampire Chronicles,tt0110148,,60000000.0,223664608.0,,
Alive,tt0106246,,32000000.0,36733909.0,,
Taras Bulba,tt0056556,,7000000.0,,,
The Jazz Singer,tt0018037,,422000.0,,,
Charlie and the Chocolate Factory,tt0367594,,150000000.0,474968763.0,,
Maurice,tt0093512,,1577000.0,2643324.0,,
Captain Corelli's Mandolin,tt0238112,,57000000.0,62112895.0,,
The Three Musketeers,tt1509767,,75000000.0,132274484.0,,
The Thing: Terror Takes Shape,tt0376921,,,,,
Even Cowgirls Get the Blues,tt0106834,,8000000.0,1708873.0,,
Nick and Norah's Infinite Playlist,tt0981227,,10000000.0,33556631.0,,
White Dog,tt0084899,,8000000.0,46509.0,,
Shutter Island,tt1130884,,80000000.0,294947940.0,,
Kick-Ass,tt1250777,,30000000.0,96188903.0,,
The Musketeer,tt0246544,,40000000.0,32533802.0,,
Ring,tt0120737,,93000000.0,888195122.0,,
Tuck Everlasting,tt0283084,,15000000.0,19344615.0,,
Out of Africa,tt0089755,,31000000.0,227514205.0,,
Out of Sight,tt0120780,,48000000.0,77745966.0,,
Hellraiser,tt0887261,,,10303.0,,
King Solomon's Mines,tt0089421,,12500000.0,15057465.0,,
Rope,tt0040746,,1500000.0,10883.0,,
The Fan,tt10676052,,,,,
Heaven's Prisoners,tt0116508,,25000000.0,5009305.0,,
Zoom,tt0383060,,35000000.0,12506362.0,,
War and Peace,tt3910804,,,,,
Hellboy,tt0167190,,66000000.0,99378985.0,,
Goldfinger,tt0058150,,3000000.0,51220312.0,,
The Extraordinary Adventures of Adèle Blanc-Sec,tt1179025,,31340000.0,34604339.0,,
At Play in the Fields of the Lord,tt0101373,,36000000.0,1345903.0,,
The Legend of 1900,tt0120731,,9000000.0,21061339.0,,
Evil Under the Sun,tt0083908,,10000000.0,6110804.0,,
The Lucky One,tt1327194,,25000000.0,99357138.0,,
Hart's War,tt0251114,,70000000.0,32287044.0,,
The Howling,tt0082533,,1000000.0,17985893.0,,
"Tomorrow, When the War Began",tt1456941,,25000000.0,16533595.0,,
"The Chronicles of Narnia: The Lion, the Witch and the Wardrobe",tt0363771,,180000000.0,745013115.0,,
A Bridge Too Far,tt0075784,,27000000.0,50750000.0,,
The Hitchhiker's Guide to the Galaxy,tt0371724,,50000000.0,104478416.0,,
The Parent Trap,tt0120783,,,92146310.0,,
The Painted Veil,tt0446755,,19400000.0,26910847.0,,
I Hope They Serve Beer in Hell,tt1220628,,,1429299.0,,
The Green Mile,tt0120689,,60000000.0,286801374.0,,
Leaving Las Vegas,tt0113627,,3600000.0,32029928.0,,
Battle Royale,tt0266308,,4500000.0,1343717.0,,
Brighton Rock,tt0039220,,,72434.0,,
Paycheck,tt0338337,,60000000.0,117248958.0,,
Initial D,tt0385426,,,,,
The Adventures of Baron Munchausen,tt0096764,,46630000.0,8083123.0,,
The Pelican Brief,tt0107798,,45000000.0,195268056.0,,
Under the Tuscan Sun,tt0328589,,18000000.0,58878723.0,,
The Mark of Zorro,tt0032762,,1000000.0,10248.0,,
Catch Me If You Can,tt0264464,,52000000.0,352114312.0,,
The Day the Earth Stood Still,tt0970416,,80000000.0,233093859.0,,
Kiss the Girls,tt0119468,,27000000.0,60527873.0,,
Charlie Wilson's War,tt0472062,,75000000.0,119483446.0,,
Let Me In,tt1228987,,20000000.0,27093592.0,,
Be Cool,tt0377471,,53000000.0,95763716.0,,
The Mothman Prophecies,tt0265349,,32000000.0,55305279.0,,
The Fly,tt1896747,,100000000.0,42225354.0,,
The Graduate,tt0061722,,3000000.0,105017024.0,,
Jarhead,tt0418763,,72000000.0,97076152.0,,
Eragon,tt0449010,,100000000.0,250425512.0,,
White Fang,tt0103247,,14000000.0,34793160.0,,
Firestarter,tt1798632,,12000000.0,15039250.0,,
The Namesake,tt0433416,,9500000.0,20354321.0,,
The Island of Dr. Moreau,tt0116654,,40000000.0,49627779.0,,
The Legend of Bagger Vance,tt0146984,,80000000.0,39459427.0,,
Tangled,tt0398286,,260000000.0,591806017.0,,
Patriot Games,tt0105112,,45000000.0,178051587.0,,
The Social Network,tt1285016,,40000000.0,224927749.0,,
Minority Report,tt0181689,,102000000.0,358372926.0,,
The Small Back Room,tt0041886,,232972.0,25091.0,,
Sleeping with the Enemy,tt0102945,,19000000.0,174999005.0,,
Shaft,tt0162650,,46000000.0,107626125.0,,
South Pacific,tt0052225,,6000000.0,476564.0,,
Mio in the Land of Faraway,tt0093543,,55000000.0,,,
Friday Night Lights,tt0758745,,,,,
The Remains of the Day,tt0107943,,15000000.0,23240144.0,,
Brideshead Revisited,tt0083390,,,,,
A Farewell to Arms,tt0022879,,799520.0,,,
The Maltese Falcon,tt0033870,,375000.0,39387.0,,
The Longest Day,tt0056197,,10000000.0,,,
A Walk to Remember,tt0281358,,11800000.0,47494916.0,,
King Ralph,tt0102216,,23000000.0,52487045.0,,
There Will Be Blood,tt0469494,,25000000.0,76186873.0,,
The Muppet Christmas Carol,tt0104940,,12000000.0,33274029.0,,
The Dead Zone,tt0085407,,10000000.0,20766616.0,,
Jaws,tt0073195,,7000000.0,477220580.0,,
The Hurricane,tt0174856,,50000000.0,73956241.0,,
Youth in Revolt,tt0403702,,18000000.0,19651093.0,,
The Hunger Games,tt1392170,,78000000.0,695220619.0,,
Children of the Corn,tt0087050,,800000.0,14568989.0,,
The Rules of Attraction,tt0292644,,4000000.0,11832822.0,,
The French Connection,tt0067116,,1800000.0,51703274.0,,
The English Patient,tt0116209,,27000000.0,231976425.0,,
One Night with the King,tt0430431,,20000000.0,13728450.0,,
Son of the Mask,tt0362165,,84000000.0,59981548.0,,
Skyfall,tt1074638,,200000000.0,1108594137.0,,
The Trial,tt1070874,,35000000.0,,,
Casablanca,tt0034583,,950000.0,4721795.0,,
And Then There Were None,tt3581932,,,,,
The Assassination of Jesse James by the Coward Robert Ford,tt0443680,,30000000.0,15003764.0,,
Dredd,tt1343727,,50000000.0,41037742.0,,
A Scanner Darkly,tt0405296,,8700000.0,7659918.0,,
About Schmidt,tt0257360,,30000000.0,105834556.0,,
